YearsAtCompany,ActuallyLeft,OverTime,MonthlyIncome,JobLevel,Predicted_Exit_Year,Est_Years_Remaining
6.0,1,1,5993,2,9.0,3.0
10.0,0,0,5130,2,31.0,21.0
0.5,1,1,2090,1,5.0,4.5
8.0,0,1,2909,1,10.0,2.0
2.0,0,0,3468,1,6.0,4.0
7.0,0,0,3068,1,21.0,14.0
1.0,0,1,2670,1,13.0,12.0
1.0,0,0,2693,1,17.0,16.0
9.0,0,0,9526,3,32.0,23.0
7.0,0,0,5237,2,22.0,15.0
5.0,0,0,2426,1,20.0,15.0
9.0,0,1,4193,2,11.0,2.0
5.0,0,0,2911,1,19.0,14.0
2.0,0,0,2661,1,22.0,20.0
4.0,1,1,2028,1,3.0,0.0
10.0,0,0,9980,3,31.0,21.0
6.0,0,1,3298,1,7.0,1.0
1.0,0,1,2935,1,5.0,4.0
25.0,0,0,15427,4,40.0,15.0
3.0,0,1,3944,1,9.0,6.0
4.0,0,0,4011,2,20.0,16.0
5.0,1,0,3407,1,9.0,4.0
12.0,0,0,11994,3,31.0,19.0
0.5,0,0,1232,1,10.0,9.5
4.0,1,0,2960,1,14.0,10.0
14.0,0,0,19094,5,40.0,26.0
10.0,1,1,3919,1,9.0,0.0
9.0,0,0,6825,2,31.0,22.0
22.0,0,0,10248,3,33.0,11.0
2.0,0,0,18947,5,40.0,38.0
1.0,0,0,2496,1,17.0,16.0
4.0,0,1,6465,2,22.0,18.0
10.0,0,0,2206,1,18.0,8.0
1.0,1,0,2086,2,23.0,22.0
2.0,1,1,2293,1,5.0,3.0
5.0,0,0,2645,1,22.0,17.0
3.0,1,1,2683,1,19.0,16.0
2.0,0,0,2014,1,22.0,20.0
1.0,0,1,3419,1,2.0,1.0
5.0,0,0,5376,2,21.0,16.0
1.0,0,0,1951,1,21.0,20.0
1.0,0,0,2341,1,10.0,9.0
1.0,1,0,2293,1,10.0,9.0
9.0,0,0,8726,3,23.0,14.0
12.0,0,0,4011,2,23.0,11.0
22.0,1,0,19545,5,40.0,18.0
9.0,0,0,4568,2,31.0,22.0
1.0,0,0,3022,1,15.0,14.0
9.0,0,1,5772,2,20.0,11.0
1.0,0,0,2269,1,21.0,20.0
1.0,1,1,5381,3,18.0,17.0
2.0,1,1,3441,1,7.0,5.0
4.0,0,1,5454,2,10.0,6.0
4.0,0,1,9884,3,20.0,16.0
2.0,0,1,4157,2,5.0,3.0
15.0,0,1,13458,3,24.0,9.0
9.0,0,0,9069,3,23.0,14.0
2.0,0,1,4014,1,6.0,4.0
7.0,0,0,5915,2,21.0,14.0
7.0,0,0,5993,2,24.0,17.0
9.0,0,1,6162,2,21.0,12.0
10.0,0,0,2406,2,31.0,21.0
27.0,0,1,18740,5,40.0,13.0
21.0,0,0,7637,3,32.0,11.0
17.0,0,0,10096,3,33.0,16.0
5.0,0,1,14756,4,32.0,27.0
6.0,0,0,6499,2,22.0,16.0
1.0,0,0,9724,3,31.0,30.0
3.0,0,0,2194,1,10.0,7.0
1.0,1,1,3388,1,10.0,9.0
4.0,0,0,5473,2,24.0,20.0
5.0,0,0,2703,1,16.0,11.0
1.0,0,0,2501,1,17.0,16.0
10.0,0,0,6220,2,22.0,12.0
1.0,0,0,3038,1,20.0,19.0
11.0,0,0,4424,2,23.0,12.0
15.0,0,0,4312,2,22.0,7.0
0.5,0,1,13245,3,22.0,21.5
5.0,0,0,13664,3,31.0,26.0
4.0,0,1,5021,2,10.0,6.0
10.0,0,1,5126,2,14.0,4.0
6.0,0,0,2859,1,20.0,14.0
1.0,0,0,10239,3,40.0,39.0
13.0,0,1,5329,2,10.0,0.0
5.0,0,0,4325,2,22.0,17.0
6.0,0,0,7260,3,32.0,26.0
0.5,0,0,2322,1,7.0,6.5
4.0,0,0,2075,1,23.0,19.0
11.0,0,0,4152,2,31.0,20.0
9.0,1,0,9619,3,40.0,31.0
22.0,0,0,13503,4,40.0,18.0
10.0,0,1,5441,2,23.0,13.0
11.0,0,1,5209,2,10.0,0.0
10.0,0,1,10673,3,24.0,14.0
11.0,0,0,5010,2,23.0,12.0
4.0,0,0,13549,3,24.0,20.0
3.0,0,0,4999,2,20.0,17.0
5.0,0,0,4221,2,22.0,17.0
37.0,0,0,13872,4,40.0,3.0
3.0,0,0,2042,2,23.0,20.0
3.0,1,1,2073,1,5.0,2.0
1.0,0,0,2956,1,14.0,13.0
1.0,1,1,2926,1,5.0,4.0
16.0,0,0,4809,2,23.0,7.0
1.0,0,0,5163,2,22.0,21.0
3.0,0,0,18844,5,40.0,37.0
8.0,0,1,18172,5,32.0,24.0
6.0,1,1,5744,2,10.0,4.0
2.0,0,0,2889,1,18.0,16.0
0.5,0,0,2871,1,13.0,12.5
13.0,0,0,7484,3,33.0,20.0
9.0,1,1,6074,2,16.0,7.0
5.0,0,1,17328,4,40.0,35.0
5.0,0,0,2774,1,15.0,10.0
1.0,0,0,4505,2,17.0,16.0
5.0,0,0,7428,3,31.0,26.0
11.0,0,0,11631,3,31.0,20.0
9.0,0,0,9738,3,32.0,23.0
1.0,0,0,2835,1,17.0,16.0
25.0,0,1,16959,4,33.0,8.0
10.0,0,0,2613,1,15.0,5.0
7.0,0,0,6146,2,23.0,16.0
5.0,1,1,4963,1,11.0,6.0
20.0,0,0,19537,5,40.0,20.0
7.0,1,1,6172,2,11.0,4.0
5.0,0,0,2368,1,13.0,8.0
40.0,1,0,10312,3,40.0,0.0
0.5,1,1,1675,1,3.0,2.5
2.0,0,0,2523,1,17.0,15.0
15.0,0,0,6567,2,31.0,16.0
3.0,0,0,4739,1,21.0,18.0
2.0,0,0,9208,3,33.0,31.0
2.0,1,1,4559,2,10.0,8.0
9.0,0,1,8189,3,22.0,13.0
8.0,0,0,2942,1,19.0,11.0
3.0,0,0,4941,2,18.0,15.0
4.0,1,0,10650,3,33.0,29.0
15.0,0,0,5902,2,24.0,9.0
2.0,0,0,8639,2,21.0,19.0
11.0,0,1,6347,2,16.0,5.0
5.0,1,0,4200,1,9.0,4.0
6.0,0,0,3452,1,21.0,15.0
3.0,0,1,4317,2,16.0,13.0
5.0,0,0,2632,1,15.0,10.0
8.0,0,0,4668,2,24.0,16.0
3.0,0,0,3204,1,9.0,6.0
5.0,0,0,2720,1,21.0,16.0
7.0,0,0,17181,4,32.0,25.0
5.0,0,0,2238,1,19.0,14.0
1.0,0,0,1483,1,8.0,7.0
20.0,0,0,5605,2,23.0,3.0
10.0,0,0,7295,3,24.0,14.0
7.0,0,1,2306,2,22.0,15.0
17.0,0,0,2348,2,15.0,0.0
9.0,0,0,8998,3,31.0,22.0
10.0,0,0,4319,2,21.0,11.0
1.0,0,0,6132,2,31.0,30.0
1.0,0,1,3346,1,16.0,15.0
12.0,0,0,10855,3,24.0,12.0
4.0,0,0,2231,1,10.0,6.0
2.0,0,0,2323,1,15.0,13.0
2.0,0,0,2024,1,6.0,4.0
5.0,0,0,2713,1,13.0,8.0
5.0,0,1,9439,3,31.0,26.0
1.0,0,1,2566,1,5.0,4.0
5.0,0,0,19926,5,40.0,35.0
9.0,0,0,2451,1,20.0,11.0
10.0,0,0,9419,3,31.0,21.0
8.0,0,0,8686,2,23.0,15.0
5.0,0,0,3038,1,17.0,12.0
5.0,0,1,3058,1,5.0,0.0
0.5,1,0,2325,1,10.0,9.5
8.0,0,0,2088,1,18.0,10.0
12.0,0,0,3072,2,21.0,9.0
5.0,0,1,5006,2,15.0,10.0
2.0,0,1,4257,1,17.0,15.0
3.0,0,0,2500,1,22.0,19.0
1.0,1,0,1102,1,10.0,9.0
24.0,0,0,10453,3,40.0,16.0
2.0,0,0,2288,1,22.0,20.0
4.0,0,1,3929,1,4.0,0.0
3.0,0,0,2311,1,17.0,14.0
4.0,1,1,3140,1,10.0,6.0
3.0,0,0,3690,1,23.0,20.0
4.0,0,0,4450,2,31.0,27.0
8.0,0,0,2756,1,18.0,10.0
20.0,0,0,19033,5,40.0,20.0
24.0,0,0,18722,5,40.0,16.0
10.0,0,0,9547,2,23.0,13.0
7.0,0,0,13734,4,40.0,33.0
33.0,0,0,19999,5,40.0,7.0
7.0,0,0,2279,1,10.0,3.0
1.0,1,1,5916,2,11.0,10.0
5.0,0,0,2089,1,22.0,17.0
20.0,0,0,16792,4,40.0,20.0
8.0,0,1,3564,1,7.0,0.0
6.0,0,0,4425,2,19.0,13.0
5.0,0,0,5265,2,23.0,18.0
1.0,0,0,6553,2,18.0,17.0
7.0,0,0,6261,2,22.0,15.0
2.0,0,0,4298,2,11.0,9.0
7.0,0,1,6804,2,23.0,16.0
5.0,0,1,3815,1,10.0,5.0
7.0,0,1,2741,2,13.0,6.0
1.0,1,1,6673,2,7.0,6.0
10.0,1,0,7639,3,24.0,14.0
4.0,0,1,2328,1,3.0,0.0
8.0,0,0,2153,1,21.0,13.0
3.0,0,0,4876,2,16.0,13.0
4.0,0,0,9396,3,23.0,19.0
14.0,1,0,10400,3,32.0,18.0
11.0,0,0,8474,3,31.0,20.0
7.0,0,0,9981,2,22.0,15.0
10.0,0,0,12490,3,31.0,21.0
5.0,1,1,2657,1,2.0,0.0
1.0,0,1,13591,3,23.0,22.0
6.0,1,0,6696,2,10.0,4.0
6.0,1,0,2058,1,17.0,11.0
19.0,0,0,8865,3,33.0,14.0
6.0,0,0,5940,2,31.0,25.0
13.0,0,0,5914,2,20.0,7.0
3.0,0,0,2622,1,10.0,7.0
10.0,0,1,12185,3,23.0,13.0
16.0,0,0,10609,3,32.0,16.0
5.0,0,0,4345,2,22.0,17.0
1.0,0,0,2177,1,31.0,30.0
9.0,0,0,2793,1,21.0,12.0
11.0,0,0,7918,3,31.0,20.0
10.0,0,0,8789,3,31.0,21.0
4.0,1,1,2389,1,7.0,3.0
2.0,0,0,3212,1,22.0,20.0
22.0,0,0,19232,5,40.0,18.0
2.0,0,0,2267,1,22.0,20.0
7.0,0,0,19517,5,40.0,33.0
5.0,1,1,2436,1,4.0,0.0
17.0,0,1,16064,4,31.0,14.0
9.0,1,0,2707,1,9.0,0.0
33.0,0,1,19068,5,40.0,7.0
4.0,0,0,3931,1,16.0,12.0
3.0,1,1,3730,1,8.0,5.0
3.0,0,0,2232,1,14.0,11.0
3.0,0,0,4465,2,23.0,20.0
1.0,0,0,3072,2,21.0,20.0
9.0,0,0,3319,2,31.0,22.0
24.0,0,0,19202,5,40.0,16.0
2.0,0,0,13675,3,22.0,20.0
2.0,0,0,2911,1,19.0,17.0
11.0,0,0,5957,2,19.0,8.0
3.0,0,0,3920,1,14.0,11.0
3.0,0,0,6434,2,23.0,20.0
1.0,1,0,10048,3,23.0,22.0
19.0,0,0,10938,3,40.0,21.0
6.0,0,0,2340,1,19.0,13.0
3.0,0,1,6545,2,13.0,10.0
3.0,0,0,6931,2,22.0,19.0
4.0,0,0,4898,2,21.0,17.0
9.0,0,1,2593,1,17.0,8.0
21.0,0,0,19436,5,40.0,19.0
1.0,0,0,2723,1,24.0,23.0
5.0,1,0,3479,1,20.0,15.0
5.0,0,0,2794,1,10.0,5.0
8.0,0,0,5249,2,31.0,23.0
6.0,0,0,2176,2,14.0,8.0
7.0,0,1,16872,4,31.0,24.0
0.5,1,0,3485,1,10.0,9.5
0.5,0,0,6644,2,20.0,19.5
9.0,0,0,5582,2,31.0,22.0
6.0,0,0,4000,2,17.0,11.0
20.0,0,1,13496,4,33.0,13.0
15.0,0,0,3210,1,24.0,9.0
36.0,0,1,19045,5,40.0,4.0
10.0,1,1,11849,3,31.0,21.0
5.0,0,0,2070,1,15.0,10.0
5.0,0,0,6502,2,23.0,18.0
3.0,0,0,3230,1,14.0,11.0
5.0,0,1,13603,3,23.0,18.0
7.0,0,0,11996,3,23.0,16.0
8.0,0,1,5605,2,20.0,12.0
6.0,0,0,6397,2,17.0,11.0
10.0,0,0,19144,5,40.0,30.0
5.0,0,1,17584,4,32.0,27.0
20.0,0,0,4907,2,32.0,12.0
10.0,0,0,4554,2,21.0,11.0
10.0,0,1,5415,2,23.0,13.0
5.0,0,1,4741,2,9.0,4.0
17.0,0,0,2115,1,23.0,6.0
1.0,1,1,3161,1,9.0,8.0
2.0,0,0,5745,2,20.0,18.0
3.0,1,1,2373,1,4.0,1.0
5.0,0,0,3310,1,19.0,14.0
3.0,0,1,18665,5,24.0,21.0
8.0,0,0,4485,2,22.0,14.0
2.0,0,0,2789,1,15.0,13.0
8.0,1,1,5828,2,18.0,10.0
4.0,0,1,2326,1,10.0,6.0
20.0,0,0,13525,4,33.0,13.0
0.5,1,0,1420,1,9.0,8.5
11.0,0,0,8020,3,31.0,20.0
1.0,0,0,3688,1,19.0,18.0
4.0,0,0,5482,2,23.0,19.0
22.0,0,0,16015,4,33.0,11.0
0.5,0,0,1200,1,9.0,8.5
8.0,0,0,5661,2,20.0,12.0
8.0,0,0,6929,2,22.0,14.0
18.0,0,0,9613,3,32.0,14.0
9.0,0,0,5674,2,17.0,8.0
13.0,0,0,5484,2,22.0,9.0
10.0,0,0,12061,3,24.0,14.0
5.0,0,1,5660,2,23.0,18.0
5.0,0,1,4821,1,10.0,5.0
2.0,0,0,6410,2,19.0,17.0
24.0,0,0,5210,3,32.0,8.0
2.0,0,1,2695,1,9.0,7.0
10.0,0,0,11878,3,24.0,14.0
21.0,0,1,17068,4,32.0,11.0
8.0,0,0,2455,1,23.0,15.0
7.0,0,1,13964,4,24.0,17.0
8.0,1,0,4941,2,31.0,23.0
4.0,0,1,2478,1,5.0,1.0
13.0,0,1,5228,2,20.0,7.0
5.0,0,1,4478,2,10.0,5.0
7.0,0,0,7547,2,22.0,15.0
7.0,0,0,5055,2,16.0,9.0
3.0,1,1,3464,1,5.0,2.0
10.0,0,0,5775,2,23.0,13.0
10.0,0,0,8943,3,31.0,21.0
21.0,0,0,19272,5,40.0,19.0
1.0,1,1,5238,2,10.0,9.0
7.0,0,0,4682,2,21.0,14.0
3.0,0,0,18300,5,40.0,37.0
9.0,0,0,5257,2,31.0,22.0
5.0,0,1,6349,2,10.0,5.0
4.0,0,0,4869,2,31.0,27.0
1.0,0,0,9985,3,21.0,20.0
10.0,0,0,3697,2,23.0,13.0
4.0,0,1,7457,2,19.0,15.0
7.0,1,1,2119,1,4.0,0.0
3.0,0,0,3983,1,21.0,18.0
10.0,0,0,6118,2,22.0,12.0
8.0,0,0,6214,2,20.0,12.0
6.0,0,0,6347,2,20.0,14.0
11.0,0,1,11510,3,24.0,13.0
11.0,0,1,7143,3,21.0,10.0
7.0,0,1,8268,2,10.0,3.0
16.0,0,0,8095,3,31.0,15.0
4.0,0,0,2904,1,11.0,7.0
5.0,0,1,6032,2,10.0,5.0
0.5,0,0,2976,2,24.0,23.5
1.0,0,0,15992,4,40.0,39.0
4.0,0,0,4649,2,21.0,17.0
3.0,0,1,2696,1,16.0,13.0
8.0,0,0,2370,1,16.0,8.0
0.5,0,0,12504,3,31.0,30.5
7.0,0,1,5974,2,13.0,6.0
2.0,0,1,4736,2,8.0,6.0
8.0,0,0,5296,2,23.0,15.0
1.0,0,0,6781,2,24.0,23.0
3.0,1,1,2174,1,4.0,1.0
1.0,0,0,6653,2,22.0,21.0
13.0,0,0,9699,3,31.0,18.0
3.0,0,0,6755,2,32.0,29.0
7.0,0,1,2213,1,10.0,3.0
3.0,0,0,2610,1,11.0,8.0
1.0,1,1,2851,1,9.0,8.0
5.0,0,0,3452,1,10.0,5.0
1.0,0,0,5258,2,31.0,30.0
8.0,1,0,9355,2,31.0,23.0
4.0,0,0,10496,3,32.0,28.0
6.0,1,1,6380,2,19.0,13.0
2.0,0,1,2657,1,9.0,7.0
1.0,1,0,2716,1,10.0,9.0
3.0,0,0,2201,1,8.0,5.0
1.0,0,0,6540,2,13.0,12.0
5.0,0,0,3816,1,13.0,8.0
7.0,0,0,5253,2,22.0,15.0
5.0,0,0,10965,3,31.0,26.0
7.0,0,0,4936,2,24.0,17.0
2.0,0,0,2543,1,18.0,16.0
5.0,1,1,5304,2,7.0,2.0
5.0,0,1,16659,4,40.0,35.0
5.0,0,1,4260,2,10.0,5.0
1.0,0,0,2476,1,14.0,13.0
6.0,1,0,3102,1,10.0,4.0
2.0,0,0,2244,1,10.0,8.0
10.0,0,0,7596,3,32.0,22.0
1.0,1,1,2285,1,2.0,1.0
18.0,0,0,3034,1,22.0,4.0
5.0,0,0,5715,2,20.0,15.0
5.0,0,0,2576,1,19.0,14.0
1.0,0,1,4197,2,10.0,9.0
25.0,0,0,14336,4,40.0,15.0
1.0,0,0,3448,2,21.0,20.0
4.0,0,0,19406,5,40.0,36.0
3.0,0,0,6538,2,16.0,13.0
13.0,0,0,4306,2,19.0,6.0
3.0,0,0,2258,1,19.0,16.0
5.0,0,1,4522,2,16.0,11.0
5.0,0,1,4487,2,10.0,5.0
13.0,0,1,4449,2,21.0,8.0
4.0,0,0,2218,1,16.0,12.0
21.0,0,1,19197,5,32.0,11.0
7.0,0,0,13212,4,32.0,25.0
5.0,0,0,6577,2,23.0,18.0
10.0,0,0,8392,3,31.0,21.0
10.0,0,0,4558,2,19.0,9.0
2.0,1,0,4031,1,7.0,5.0
5.0,0,1,7969,3,24.0,19.0
2.0,0,0,2654,1,22.0,20.0
5.0,0,0,16555,4,40.0,35.0
5.0,0,0,4556,2,23.0,18.0
5.0,0,0,6091,2,22.0,17.0
29.0,0,0,19566,5,40.0,11.0
10.0,0,0,4810,2,24.0,14.0
6.0,0,0,4523,2,31.0,25.0
5.0,1,1,3202,1,5.0,0.0
2.0,1,0,2351,1,20.0,18.0
1.0,0,1,1702,1,10.0,9.0
20.0,0,0,18041,5,40.0,20.0
3.0,0,0,2886,1,11.0,8.0
5.0,0,0,2097,1,10.0,5.0
10.0,0,0,11935,3,24.0,14.0
2.0,1,0,2546,1,10.0,8.0
1.0,1,0,2564,1,13.0,12.0
9.0,0,0,8412,3,31.0,22.0
1.0,0,0,14118,4,40.0,39.0
27.0,0,0,17046,4,40.0,13.0
11.0,0,0,2564,1,21.0,10.0
18.0,0,0,10266,3,40.0,22.0
5.0,0,0,5070,2,24.0,19.0
3.0,0,0,17861,4,32.0,29.0
5.0,0,0,4230,1,22.0,17.0
1.0,0,0,3780,2,23.0,22.0
7.0,0,0,2768,1,20.0,13.0
3.0,0,1,9071,3,24.0,21.0
13.0,0,0,10648,3,24.0,11.0
7.0,1,1,13610,3,21.0,14.0
4.0,1,0,3408,1,11.0,7.0
3.0,0,0,2983,1,18.0,15.0
8.0,0,1,7632,3,18.0,10.0
1.0,1,0,9824,3,23.0,22.0
3.0,1,1,9950,3,8.0,5.0
2.0,0,0,2093,1,21.0,19.0
10.0,0,0,9980,3,32.0,22.0
2.0,1,0,3894,1,8.0,6.0
9.0,0,0,4051,2,32.0,23.0
10.0,0,0,16835,4,40.0,30.0
14.0,0,0,6230,2,22.0,8.0
11.0,0,0,4717,2,20.0,9.0
20.0,0,0,13237,4,32.0,12.0
8.0,0,0,3755,1,21.0,13.0
6.0,0,1,6582,2,13.0,7.0
10.0,0,1,7406,3,22.0,12.0
8.0,0,0,4805,2,31.0,23.0
7.0,1,1,2741,1,6.0,0.0
3.0,0,0,4262,2,21.0,18.0
6.0,0,0,16184,4,31.0,25.0
5.0,0,0,11557,3,21.0,16.0
0.5,1,1,1878,1,2.0,1.5
1.0,0,0,10932,3,24.0,23.0
8.0,0,1,6811,2,19.0,11.0
0.5,0,0,4306,2,14.0,13.5
5.0,0,0,4859,2,23.0,18.0
10.0,0,0,5337,2,24.0,14.0
1.0,1,1,2340,1,5.0,4.0
6.0,0,0,7491,3,31.0,25.0
2.0,0,0,10527,3,31.0,29.0
18.0,0,0,16595,4,33.0,15.0
9.0,0,0,8834,3,32.0,23.0
10.0,0,1,5577,2,22.0,12.0
4.0,1,0,4707,2,14.0,10.0
2.0,0,0,2400,1,19.0,17.0
1.0,0,0,9824,2,23.0,22.0
6.0,0,0,6447,2,20.0,14.0
31.0,0,1,19502,5,40.0,9.0
6.0,0,1,2725,1,7.0,1.0
5.0,0,0,6272,2,21.0,16.0
1.0,0,0,2127,1,10.0,9.0
32.0,0,0,18200,5,40.0,8.0
7.0,0,0,2096,1,13.0,6.0
6.0,1,1,2886,1,5.0,0.0
1.0,1,0,2033,1,14.0,13.0
6.0,0,1,3622,1,10.0,4.0
3.0,1,0,4233,2,15.0,12.0
3.0,0,0,3681,2,22.0,19.0
7.0,0,0,5460,2,23.0,16.0
5.0,0,0,2187,1,14.0,9.0
3.0,0,1,9602,2,13.0,10.0
1.0,0,0,2836,1,10.0,9.0
10.0,0,0,4089,2,31.0,21.0
1.0,0,1,16627,4,31.0,30.0
0.5,0,0,2619,1,11.0,10.5
8.0,0,1,5679,2,21.0,13.0
3.0,0,0,15402,4,31.0,28.0
2.0,0,0,5985,2,24.0,22.0
8.0,0,1,2579,1,9.0,1.0
4.0,1,0,3041,1,11.0,7.0
3.0,0,0,3447,1,10.0,7.0
2.0,0,1,19513,5,33.0,31.0
2.0,0,0,2773,1,14.0,12.0
5.0,0,0,7104,2,23.0,18.0
6.0,0,1,6322,2,14.0,8.0
1.0,0,0,2083,1,17.0,16.0
14.0,0,0,8381,2,31.0,17.0
10.0,0,0,2691,1,22.0,12.0
1.0,1,0,4286,2,23.0,22.0
3.0,0,1,2659,1,7.0,4.0
10.0,0,0,9434,3,32.0,22.0
6.0,0,0,5561,2,21.0,15.0
17.0,0,0,6646,2,31.0,14.0
13.0,0,0,7725,2,22.0,9.0
9.0,0,0,10725,3,40.0,31.0
3.0,0,1,8847,2,14.0,11.0
4.0,0,0,2045,1,19.0,15.0
1.0,1,1,1009,1,4.0,3.0
10.0,1,1,3348,1,10.0,0.0
1.0,0,0,1281,1,20.0,19.0
3.0,0,0,2819,1,9.0,6.0
3.0,0,0,4851,2,21.0,18.0
7.0,0,0,4028,2,24.0,17.0
10.0,0,0,2720,1,20.0,10.0
2.0,0,0,8120,2,31.0,29.0
6.0,0,1,4647,2,10.0,4.0
1.0,0,0,4680,1,21.0,20.0
20.0,0,1,3221,1,21.0,1.0
8.0,0,0,8621,3,32.0,24.0
2.0,1,0,4577,2,10.0,8.0
20.0,0,0,4553,2,31.0,11.0
10.0,0,0,5396,2,22.0,12.0
4.0,1,1,6796,2,22.0,18.0
9.0,0,0,7625,2,24.0,15.0
9.0,0,0,7412,3,22.0,13.0
7.0,0,0,11159,3,31.0,24.0
7.0,0,0,4960,2,23.0,16.0
18.0,0,1,10475,3,18.0,0.0
5.0,0,0,14814,4,40.0,35.0
21.0,0,0,19141,5,40.0,19.0
2.0,0,0,5405,2,23.0,21.0
9.0,0,0,8793,3,22.0,13.0
22.0,0,0,19189,5,40.0,18.0
2.0,0,0,3875,1,21.0,19.0
7.0,1,1,2216,1,2.0,0.0
8.0,0,0,11713,3,20.0,12.0
1.0,0,1,7861,3,21.0,20.0
5.0,0,0,3708,1,22.0,17.0
22.0,0,1,13770,4,31.0,9.0
8.0,0,0,5304,2,20.0,12.0
1.0,0,0,2642,1,17.0,16.0
2.0,1,1,2759,1,9.0,7.0
2.0,0,0,6804,2,31.0,29.0
5.0,0,0,6142,2,23.0,18.0
4.0,0,0,2500,1,10.0,6.0
8.0,0,0,6389,2,14.0,6.0
10.0,0,0,11103,4,40.0,30.0
4.0,0,1,2342,1,15.0,11.0
7.0,0,0,6811,2,6.0,0.0
2.0,0,0,2297,1,16.0,14.0
2.0,0,0,2450,2,32.0,30.0
1.0,0,0,5093,2,21.0,20.0
10.0,0,0,5309,2,24.0,14.0
1.0,0,1,3057,1,4.0,3.0
0.5,0,0,5121,2,19.0,18.5
34.0,0,0,16856,4,40.0,6.0
10.0,1,1,2686,1,13.0,3.0
6.0,0,0,6180,2,21.0,15.0
8.0,0,0,6632,2,31.0,23.0
2.0,0,0,3505,1,11.0,9.0
5.0,1,1,6397,2,20.0,15.0
6.0,0,0,6274,2,23.0,17.0
5.0,1,1,19859,5,33.0,28.0
10.0,0,0,7587,3,24.0,14.0
4.0,0,0,4258,1,31.0,27.0
2.0,0,0,4364,1,16.0,14.0
8.0,0,0,4335,2,17.0,9.0
4.0,1,0,5326,2,9.0,5.0
4.0,0,0,3280,1,21.0,17.0
5.0,0,1,5485,2,11.0,6.0
4.0,0,0,4342,2,22.0,18.0
5.0,0,1,2782,1,9.0,4.0
15.0,0,1,5980,2,10.0,0.0
6.0,0,0,4381,1,18.0,12.0
3.0,0,0,2572,1,20.0,17.0
2.0,0,0,3833,1,14.0,12.0
8.0,0,0,4244,2,23.0,15.0
3.0,0,0,6500,2,18.0,15.0
24.0,0,0,18430,5,40.0,16.0
0.5,1,1,1601,1,3.0,2.5
1.0,0,0,2694,1,10.0,9.0
5.0,0,0,3149,2,23.0,18.0
4.0,0,0,17639,4,40.0,36.0
1.0,1,1,2319,1,5.0,4.0
13.0,0,0,11691,3,32.0,19.0
3.0,1,0,5324,2,16.0,13.0
26.0,0,1,16752,4,32.0,6.0
9.0,0,0,5228,2,23.0,14.0
10.0,0,0,2700,1,17.0,7.0
31.0,1,1,19246,5,40.0,9.0
2.0,0,0,2506,1,19.0,17.0
4.0,0,1,6062,2,10.0,6.0
2.0,1,0,4382,1,9.0,7.0
5.0,0,0,2143,1,13.0,8.0
14.0,0,0,6162,2,24.0,10.0
1.0,0,0,5094,2,21.0,20.0
0.5,0,1,6877,2,8.0,7.5
1.0,0,0,2274,1,22.0,21.0
9.0,0,0,4434,2,24.0,15.0
4.0,0,0,6288,2,21.0,17.0
5.0,0,0,2553,1,21.0,16.0
9.0,1,0,7654,3,40.0,31.0
9.0,1,0,5160,2,32.0,23.0
4.0,0,0,17159,4,31.0,27.0
9.0,0,1,12808,3,21.0,12.0
8.0,0,0,10221,3,31.0,23.0
8.0,0,1,4779,2,14.0,6.0
3.0,0,0,3737,1,20.0,17.0
8.0,1,1,2366,1,6.0,0.0
0.5,0,0,1706,1,14.0,13.5
20.0,0,0,16307,4,40.0,20.0
5.0,0,0,5933,2,19.0,14.0
4.0,0,0,3424,1,4.0,0.0
9.0,0,0,4037,2,21.0,12.0
6.0,0,0,2559,1,14.0,8.0
18.0,0,1,6201,2,20.0,2.0
5.0,0,0,4403,2,21.0,16.0
5.0,0,0,3761,1,7.0,2.0
5.0,0,1,10934,3,23.0,18.0
5.0,0,1,10761,3,21.0,16.0
5.0,0,0,5175,2,18.0,13.0
9.0,0,0,13826,4,40.0,31.0
1.0,0,0,6334,2,22.0,21.0
5.0,0,0,4936,1,19.0,14.0
2.0,0,0,4775,2,10.0,8.0
3.0,0,1,2818,1,13.0,10.0
2.0,0,1,2515,1,10.0,8.0
5.0,0,0,2342,1,19.0,14.0
5.0,0,1,4194,2,7.0,2.0
17.0,0,1,10685,3,23.0,6.0
10.0,1,1,2022,1,10.0,0.0
3.0,0,0,2314,1,21.0,18.0
5.0,0,0,4256,2,18.0,13.0
4.0,0,0,3580,1,22.0,18.0
5.0,0,0,3162,1,18.0,13.0
10.0,0,0,6524,2,23.0,13.0
2.0,0,0,2899,1,21.0,19.0
5.0,0,1,5231,2,20.0,15.0
6.0,0,1,2356,1,7.0,1.0
3.0,1,1,2800,1,3.0,0.0
2.0,0,0,11836,4,40.0,38.0
13.0,0,0,10903,3,31.0,18.0
5.0,0,0,2973,1,18.0,13.0
12.0,0,0,14275,4,40.0,28.0
5.0,0,0,5562,2,23.0,18.0
7.0,0,1,4537,2,24.0,17.0
10.0,0,1,7642,3,21.0,11.0
31.0,0,0,17924,4,40.0,9.0
5.0,0,0,5204,2,21.0,16.0
4.0,0,1,2277,1,7.0,3.0
1.0,1,1,2795,1,7.0,6.0
4.0,0,0,2532,1,10.0,6.0
8.0,0,1,2559,1,17.0,9.0
4.0,0,0,4908,2,22.0,18.0
1.0,1,1,2380,1,10.0,9.0
1.0,0,0,4765,2,23.0,22.0
2.0,1,0,2044,1,9.0,7.0
1.0,1,0,2693,1,10.0,9.0
16.0,0,1,6586,2,21.0,5.0
3.0,0,1,3294,1,18.0,15.0
3.0,1,1,4171,2,10.0,7.0
7.0,1,1,2778,1,10.0,3.0
2.0,0,0,2377,1,10.0,8.0
2.0,1,1,2404,1,2.0,0.0
1.0,0,0,2318,1,14.0,13.0
1.0,0,0,2008,1,19.0,18.0
5.0,0,0,6244,2,21.0,16.0
3.0,0,1,2799,1,5.0,2.0
6.0,0,1,10552,3,31.0,25.0
7.0,0,0,2329,1,20.0,13.0
10.0,0,1,4014,2,13.0,3.0
26.0,0,0,7403,3,31.0,5.0
0.5,0,0,2259,1,21.0,20.5
9.0,0,0,6932,2,21.0,12.0
6.0,0,0,4678,1,21.0,15.0
15.0,0,0,13582,3,31.0,16.0
3.0,0,0,2332,1,9.0,6.0
1.0,1,1,2413,1,4.0,3.0
1.0,0,0,9705,3,24.0,23.0
7.0,0,0,4294,2,17.0,10.0
18.0,0,1,4721,1,10.0,0.0
11.0,0,0,2519,1,19.0,8.0
1.0,1,1,2121,1,4.0,3.0
1.0,1,0,2973,1,8.0,7.0
9.0,0,1,5855,2,20.0,11.0
1.0,0,1,3617,1,4.0,3.0
8.0,0,0,6725,2,23.0,15.0
16.0,1,1,10325,3,23.0,7.0
5.0,0,0,6949,2,24.0,19.0
14.0,1,0,10609,3,31.0,17.0
9.0,0,0,4447,2,23.0,14.0
3.0,0,0,2157,1,19.0,16.0
5.0,0,0,4601,2,23.0,18.0
9.0,0,0,17099,4,40.0,31.0
1.0,1,0,2479,1,24.0,23.0
17.0,0,0,14852,4,40.0,23.0
8.0,0,0,7264,3,24.0,16.0
5.0,0,1,5666,2,21.0,16.0
10.0,0,0,7823,3,23.0,13.0
8.0,0,0,7880,3,31.0,23.0
1.0,1,1,13194,4,22.0,21.0
19.0,0,1,5067,2,23.0,4.0
7.0,0,0,5079,2,22.0,15.0
3.0,1,1,2321,1,7.0,4.0
10.0,0,0,17444,4,40.0,30.0
0.5,1,1,2404,1,2.0,1.5
3.0,0,0,3452,1,19.0,16.0
5.0,0,0,2270,1,22.0,17.0
5.0,0,0,17399,4,32.0,27.0
6.0,0,1,5488,2,13.0,7.0
18.0,0,0,19419,5,40.0,22.0
2.0,0,0,2811,1,5.0,3.0
9.0,0,1,3633,2,18.0,9.0
9.0,0,1,4163,2,22.0,13.0
5.0,1,1,2132,1,5.0,0.0
12.0,0,1,13973,4,31.0,19.0
2.0,0,0,2684,1,21.0,19.0
8.0,0,0,10845,3,31.0,23.0
4.0,0,0,4377,2,21.0,17.0
4.0,1,1,3743,1,6.0,2.0
4.0,0,0,4148,2,20.0,16.0
0.5,0,0,1051,1,10.0,9.5
10.0,0,0,10739,3,31.0,21.0
16.0,0,1,10388,3,23.0,7.0
8.0,0,1,11416,3,18.0,10.0
1.0,1,1,2600,1,2.0,1.0
3.0,1,0,2422,1,18.0,15.0
8.0,0,0,5472,2,22.0,14.0
4.0,0,0,2451,1,8.0,4.0
2.0,0,0,4240,2,31.0,29.0
15.0,0,0,10999,3,31.0,16.0
2.0,0,0,5003,2,22.0,20.0
21.0,0,0,12742,4,40.0,19.0
3.0,0,0,4227,2,22.0,19.0
3.0,0,0,3917,1,21.0,18.0
1.0,0,0,18303,5,40.0,39.0
1.0,0,0,2380,1,23.0,22.0
5.0,0,1,13726,4,40.0,35.0
1.0,1,0,4777,2,16.0,15.0
8.0,0,1,6385,2,23.0,15.0
21.0,0,0,19973,5,40.0,19.0
1.0,0,1,6861,2,10.0,9.0
2.0,1,0,4969,2,9.0,7.0
32.0,1,0,19845,5,40.0,8.0
12.0,0,1,13320,4,33.0,21.0
18.0,0,0,6347,2,31.0,13.0
17.0,1,0,2743,1,23.0,6.0
21.0,0,1,10880,3,22.0,1.0
2.0,0,0,2342,1,21.0,19.0
9.0,0,0,17650,4,40.0,31.0
8.0,0,0,4025,1,10.0,2.0
15.0,0,0,9725,2,23.0,8.0
6.0,0,1,11904,3,31.0,25.0
6.0,0,0,2177,1,22.0,16.0
15.0,0,0,7525,3,40.0,25.0
1.0,1,0,4834,2,17.0,16.0
3.0,1,1,2042,1,1.0,0.0
1.0,0,1,2220,1,9.0,8.0
1.0,0,0,1052,1,11.0,10.0
2.0,0,0,2821,1,21.0,19.0
8.0,0,1,19237,5,40.0,32.0
4.0,0,0,4107,2,21.0,17.0
7.0,0,0,8396,2,24.0,17.0
5.0,0,0,2007,1,14.0,9.0
2.0,0,0,19627,5,40.0,38.0
9.0,0,0,10686,3,33.0,24.0
5.0,0,0,2942,1,24.0,19.0
14.0,0,0,8858,3,32.0,18.0
9.0,0,0,16756,4,40.0,31.0
1.0,0,0,10798,3,31.0,30.0
2.0,1,1,2323,1,5.0,3.0
1.0,1,0,1416,1,7.0,6.0
16.0,0,1,4615,2,9.0,0.0
10.0,1,1,2461,1,10.0,0.0
10.0,1,0,8722,3,22.0,12.0
5.0,0,0,3955,1,10.0,5.0
6.0,0,0,9957,2,21.0,15.0
10.0,0,0,3376,1,22.0,12.0
19.0,0,0,8823,3,31.0,12.0
11.0,0,0,10322,3,33.0,22.0
3.0,0,0,4621,1,17.0,14.0
3.0,0,0,10976,3,33.0,30.0
8.0,0,0,3660,2,21.0,13.0
20.0,1,0,10482,3,23.0,3.0
3.0,0,0,7119,3,24.0,21.0
8.0,1,1,9582,3,22.0,14.0
13.0,1,0,4508,2,23.0,10.0
4.0,0,0,2207,1,15.0,11.0
6.0,0,0,7756,2,23.0,17.0
1.0,0,1,6694,2,19.0,18.0
7.0,1,1,3691,1,10.0,3.0
1.0,1,0,2377,1,10.0,9.0
2.0,1,1,2313,1,5.0,3.0
22.0,0,0,17665,4,40.0,18.0
1.0,1,0,2596,1,13.0,12.0
0.5,1,1,4728,2,21.0,20.5
3.0,0,0,4302,2,22.0,19.0
0.5,0,0,2979,1,19.0,18.5
5.0,0,0,16885,4,40.0,35.0
15.0,0,0,5593,2,31.0,16.0
8.0,0,0,10445,3,31.0,23.0
8.0,0,1,8740,3,23.0,15.0
7.0,0,0,2514,1,14.0,7.0
9.0,0,0,7655,3,23.0,14.0
12.0,0,0,17465,4,40.0,28.0
1.0,0,0,7351,3,22.0,21.0
8.0,0,0,10820,3,22.0,14.0
18.0,1,0,12169,4,33.0,15.0
20.0,0,0,19626,5,40.0,20.0
2.0,0,1,2070,1,5.0,3.0
5.0,0,0,6782,2,14.0,9.0
11.0,0,0,7779,2,23.0,12.0
2.0,0,0,2791,1,21.0,19.0
5.0,0,0,3201,1,10.0,5.0
5.0,0,0,4968,2,23.0,18.0
9.0,0,0,13120,4,32.0,23.0
3.0,0,0,4033,2,21.0,18.0
7.0,0,0,3291,1,14.0,7.0
1.0,0,0,4272,2,23.0,22.0
10.0,0,1,5056,2,11.0,1.0
7.0,0,0,2844,1,23.0,16.0
3.0,0,1,2703,1,7.0,4.0
0.5,1,0,1904,1,9.0,8.5
5.0,1,1,8224,2,13.0,8.0
1.0,0,1,4766,1,11.0,10.0
2.0,1,0,2610,1,18.0,16.0
6.0,0,0,5731,2,21.0,15.0
4.0,0,0,2539,1,17.0,13.0
6.0,0,0,5714,2,22.0,16.0
5.0,0,0,4323,1,18.0,13.0
11.0,1,0,7336,3,22.0,11.0
18.0,0,0,13499,3,23.0,5.0
21.0,1,1,13758,4,32.0,11.0
6.0,0,0,5155,2,21.0,15.0
8.0,0,0,2258,1,13.0,5.0
4.0,0,0,3597,1,5.0,1.0
1.0,1,1,2515,1,7.0,6.0
8.0,0,0,4420,1,18.0,10.0
10.0,0,0,6578,2,22.0,12.0
1.0,0,1,4422,2,13.0,12.0
7.0,0,0,10274,3,31.0,24.0
13.0,0,0,5343,2,23.0,10.0
2.0,0,0,2376,1,22.0,20.0
4.0,1,0,5346,2,20.0,16.0
1.0,0,0,2827,1,14.0,13.0
5.0,0,0,19943,5,40.0,35.0
10.0,0,0,3131,1,19.0,9.0
1.0,0,0,2552,1,7.0,6.0
3.0,0,1,4477,1,10.0,7.0
14.0,0,0,6474,2,24.0,10.0
2.0,0,0,3033,1,10.0,8.0
6.0,1,1,2936,1,14.0,8.0
7.0,0,0,18606,5,40.0,33.0
5.0,0,1,2168,1,8.0,3.0
0.5,1,1,2853,1,7.0,6.5
26.0,0,0,17048,4,40.0,14.0
0.5,0,0,2290,1,22.0,21.5
5.0,0,0,3600,1,20.0,15.0
1.0,1,0,2107,1,9.0,8.0
4.0,0,0,4115,2,9.0,5.0
0.5,0,0,4327,2,21.0,20.5
2.0,0,0,17856,4,40.0,38.0
6.0,0,0,3196,1,14.0,8.0
4.0,0,0,19081,5,40.0,36.0
7.0,0,1,8966,2,10.0,3.0
1.0,1,0,2210,1,8.0,7.0
10.0,0,0,4539,2,21.0,11.0
7.0,0,0,2741,1,21.0,14.0
10.0,0,0,3491,2,23.0,13.0
20.0,0,0,4541,2,33.0,13.0
2.0,0,0,2678,1,14.0,12.0
6.0,0,0,7379,2,31.0,25.0
4.0,0,0,6272,2,21.0,17.0
11.0,0,1,5220,2,31.0,20.0
2.0,0,0,2743,1,18.0,16.0
8.0,0,1,4998,2,10.0,2.0
7.0,0,1,10252,3,22.0,15.0
14.0,0,0,2781,1,22.0,8.0
5.0,0,0,6852,2,21.0,16.0
4.0,0,0,4950,2,22.0,18.0
11.0,0,1,3579,1,10.0,0.0
1.0,0,1,13191,3,21.0,20.0
13.0,0,1,10377,3,21.0,8.0
9.0,0,1,2235,1,5.0,0.0
5.0,0,0,10502,3,31.0,26.0
10.0,0,0,2011,1,31.0,21.0
1.0,1,1,1859,1,3.0,2.0
3.0,0,0,3760,1,20.0,17.0
10.0,0,0,17779,4,40.0,30.0
6.0,0,1,6833,2,9.0,3.0
10.0,0,0,6812,2,21.0,11.0
6.0,0,0,5171,2,31.0,25.0
8.0,0,0,19740,5,40.0,32.0
1.0,0,0,18711,5,40.0,39.0
11.0,0,0,3692,1,18.0,7.0
1.0,0,0,2559,1,19.0,18.0
5.0,0,0,2517,1,14.0,9.0
6.0,0,1,6623,2,15.0,9.0
1.0,0,0,18265,5,40.0,39.0
7.0,0,0,16124,4,31.0,24.0
1.0,0,0,2585,1,19.0,18.0
22.0,0,0,18213,5,40.0,18.0
9.0,0,1,8380,3,21.0,12.0
1.0,0,1,2994,1,5.0,4.0
1.0,0,0,1223,1,10.0,9.0
1.0,1,1,1118,1,7.0,6.0
8.0,0,1,2875,1,7.0,0.0
24.0,1,1,18824,5,32.0,8.0
33.0,0,1,13577,4,40.0,7.0
2.0,1,0,2625,1,9.0,7.0
11.0,0,0,18789,5,40.0,29.0
3.0,0,1,4538,2,10.0,7.0
29.0,0,1,19847,5,40.0,11.0
9.0,0,0,10512,3,40.0,31.0
11.0,0,0,4444,2,22.0,11.0
4.0,0,1,2154,1,6.0,2.0
25.0,0,0,19190,5,40.0,15.0
10.0,0,0,4490,2,21.0,11.0
3.0,0,1,3506,1,10.0,7.0
1.0,0,1,2372,2,10.0,9.0
21.0,0,0,10231,3,40.0,19.0
16.0,0,1,5410,2,8.0,0.0
10.0,1,0,7978,3,32.0,22.0
2.0,0,1,3867,1,9.0,7.0
7.0,0,0,2838,1,31.0,24.0
8.0,0,1,4695,2,6.0,0.0
7.0,1,1,3339,1,9.0,2.0
3.0,0,0,2080,1,9.0,6.0
2.0,0,0,2096,1,10.0,8.0
10.0,0,0,6209,2,23.0,13.0
0.5,0,0,18061,5,40.0,39.5
19.0,0,1,17123,4,31.0,12.0
2.0,0,0,2372,1,31.0,29.0
10.0,1,0,4883,2,22.0,12.0
5.0,1,0,3904,1,21.0,16.0
9.0,0,0,4627,2,24.0,15.0
7.0,0,0,7094,3,24.0,17.0
7.0,0,0,3423,1,21.0,14.0
9.0,0,0,6674,2,24.0,15.0
3.0,0,1,16880,4,31.0,28.0
5.0,1,1,9094,3,22.0,17.0
8.0,1,1,8446,3,21.0,13.0
9.0,0,1,11916,3,18.0,9.0
8.0,0,0,4534,2,24.0,16.0
10.0,0,1,9852,3,22.0,12.0
19.0,0,0,6151,2,31.0,12.0
3.0,1,1,2302,1,9.0,6.0
3.0,1,0,2362,1,20.0,17.0
20.0,0,1,17861,4,32.0,12.0
19.0,0,0,19187,5,40.0,21.0
7.0,0,0,19717,5,40.0,33.0
4.0,0,0,3544,1,10.0,6.0
9.0,0,0,8500,3,31.0,22.0
9.0,0,0,4661,2,31.0,22.0
9.0,0,0,4103,2,23.0,14.0
9.0,0,1,4249,2,16.0,7.0
33.0,0,1,14026,4,32.0,0.0
7.0,0,0,6893,2,21.0,14.0
10.0,0,0,6125,2,24.0,14.0
3.0,0,0,3669,1,10.0,7.0
10.0,1,1,10008,3,23.0,13.0
4.0,0,0,2387,1,19.0,15.0
15.0,0,0,4639,2,22.0,7.0
10.0,0,0,7898,3,33.0,23.0
1.0,0,0,2534,1,8.0,7.0
5.0,0,0,13142,4,33.0,28.0
0.5,0,0,1611,1,11.0,10.5
9.0,0,0,5363,2,24.0,15.0
6.0,0,0,5071,2,21.0,15.0
19.0,1,1,13695,4,31.0,12.0
19.0,0,1,13402,4,40.0,21.0
5.0,0,0,2029,1,19.0,14.0
12.0,0,0,6377,2,31.0,19.0
8.0,0,0,5429,2,23.0,15.0
1.0,1,0,2785,1,10.0,9.0
4.0,1,1,4614,2,18.0,14.0
4.0,0,0,2610,1,21.0,17.0
14.0,0,0,6687,2,31.0,17.0
5.0,0,0,4724,2,19.0,14.0
10.0,1,1,6179,2,17.0,7.0
5.0,0,1,6120,2,20.0,15.0
4.0,0,0,10596,3,33.0,29.0
6.0,0,1,5467,2,19.0,13.0
6.0,0,1,2996,1,5.0,0.0
5.0,0,0,9998,2,22.0,17.0
3.0,0,1,4078,2,10.0,7.0
6.0,0,0,10920,3,31.0,25.0
3.0,0,0,6232,2,19.0,16.0
5.0,0,1,13247,4,31.0,26.0
20.0,0,1,4081,2,18.0,0.0
6.0,0,1,5769,2,16.0,10.0
8.0,1,1,2394,1,10.0,2.0
4.0,0,0,3904,1,20.0,16.0
20.0,0,0,16799,4,33.0,13.0
5.0,0,0,2950,1,10.0,5.0
3.0,0,0,3629,1,18.0,15.0
2.0,0,0,9362,3,31.0,29.0
3.0,0,0,3229,1,10.0,7.0
7.0,0,0,3578,1,10.0,3.0
10.0,0,0,7988,3,22.0,12.0
4.0,1,0,4284,2,23.0,19.0
8.0,1,1,7553,3,23.0,15.0
20.0,0,0,17328,4,40.0,20.0
9.0,0,1,19701,5,40.0,31.0
7.0,0,0,14732,4,40.0,33.0
5.0,0,1,9278,2,13.0,8.0
1.0,1,0,1359,1,17.0,16.0
3.0,0,0,4779,2,10.0,7.0
3.0,0,0,16422,4,31.0,28.0
4.0,0,0,2996,1,10.0,6.0
1.0,1,0,1261,1,17.0,16.0
5.0,0,0,2099,1,14.0,9.0
10.0,0,0,5810,2,23.0,13.0
3.0,0,0,5647,2,18.0,15.0
6.0,0,0,3420,1,20.0,14.0
3.0,1,0,4400,1,10.0,7.0
6.0,0,0,3500,1,20.0,14.0
3.0,0,0,2066,1,24.0,21.0
20.0,0,0,17169,4,40.0,20.0
5.0,0,1,4162,2,9.0,4.0
4.0,0,0,9204,2,21.0,17.0
5.0,0,0,3294,1,10.0,5.0
4.0,0,1,2127,1,10.0,6.0
8.0,0,0,3975,2,23.0,15.0
13.0,0,0,10793,3,32.0,19.0
7.0,1,0,10096,3,33.0,26.0
1.0,1,1,3646,1,9.0,8.0
10.0,1,0,7446,3,24.0,14.0
7.0,0,1,10851,3,22.0,15.0
3.0,0,0,2109,1,6.0,3.0
2.0,1,1,3722,1,4.0,2.0
3.0,0,1,9380,3,23.0,20.0
2.0,0,0,5486,2,23.0,21.0
2.0,1,0,2742,1,21.0,19.0
9.0,0,0,13757,3,32.0,23.0
5.0,0,0,8463,2,21.0,16.0
5.0,0,0,3162,1,21.0,16.0
9.0,0,0,16598,4,40.0,31.0
3.0,0,0,6651,2,31.0,28.0
3.0,0,0,2345,1,22.0,19.0
5.0,0,0,3420,1,21.0,16.0
4.0,0,0,4373,2,21.0,17.0
13.0,0,0,4759,2,21.0,8.0
2.0,0,0,5301,2,11.0,9.0
12.0,0,0,3673,1,24.0,12.0
1.0,0,0,4768,2,21.0,20.0
1.0,0,0,1274,1,14.0,13.0
12.0,0,0,4900,2,32.0,20.0
8.0,0,0,10466,3,32.0,24.0
14.0,0,0,17007,4,24.0,10.0
3.0,1,0,2909,1,15.0,12.0
5.0,1,0,5765,2,10.0,5.0
15.0,1,1,4599,2,22.0,7.0
1.0,0,0,2404,1,20.0,19.0
0.5,1,1,3172,1,2.0,1.5
1.0,0,0,2033,1,10.0,9.0
2.0,0,1,10209,3,21.0,19.0
10.0,0,0,8620,2,22.0,12.0
5.0,0,0,2064,1,21.0,16.0
3.0,0,1,4035,2,24.0,21.0
5.0,0,0,3838,1,8.0,3.0
5.0,0,1,4591,2,19.0,14.0
0.5,1,0,2561,1,5.0,4.5
1.0,0,0,1563,1,10.0,9.0
4.0,0,0,4898,2,20.0,16.0
3.0,0,0,4789,2,23.0,20.0
3.0,0,0,3180,1,16.0,13.0
8.0,0,0,6549,2,20.0,12.0
0.5,0,1,6388,2,13.0,12.5
5.0,0,0,11244,3,31.0,26.0
14.0,0,0,16032,4,40.0,26.0
9.0,1,0,2362,1,5.0,0.0
20.0,0,0,16328,4,40.0,20.0
2.0,0,0,8376,3,24.0,22.0
13.0,0,0,16606,4,33.0,20.0
11.0,0,0,8606,3,24.0,13.0
4.0,0,0,2272,2,20.0,16.0
5.0,1,0,2018,1,11.0,6.0
10.0,0,1,7083,3,23.0,13.0
7.0,1,0,4084,1,20.0,13.0
32.0,0,1,14411,4,40.0,8.0
11.0,0,1,2308,1,13.0,2.0
1.0,0,0,4841,1,19.0,18.0
10.0,0,0,4285,2,24.0,14.0
7.0,0,0,9715,2,19.0,12.0
5.0,0,0,4320,2,21.0,16.0
5.0,0,0,2132,1,22.0,17.0
20.0,0,1,10124,3,31.0,11.0
8.0,0,0,5473,2,31.0,23.0
15.0,0,1,5207,2,19.0,4.0
21.0,0,1,16437,4,33.0,12.0
1.0,0,0,2296,1,10.0,9.0
2.0,0,1,4069,2,19.0,17.0
10.0,0,0,7441,3,33.0,23.0
5.0,0,0,2430,1,22.0,17.0
7.0,0,0,5878,2,21.0,14.0
3.0,0,1,2644,1,9.0,6.0
8.0,0,0,6439,2,24.0,16.0
1.0,0,0,2451,1,8.0,7.0
2.0,0,0,6392,2,19.0,17.0
10.0,1,0,9714,2,23.0,13.0
6.0,0,0,6077,2,23.0,17.0
3.0,0,0,2450,1,17.0,14.0
4.0,0,0,9250,3,23.0,19.0
1.0,1,1,2074,1,7.0,6.0
33.0,1,0,10169,3,40.0,7.0
5.0,1,0,4855,2,21.0,16.0
6.0,0,0,4087,2,14.0,8.0
8.0,0,0,2367,1,18.0,10.0
1.0,0,0,2972,1,18.0,17.0
36.0,0,0,19586,5,40.0,4.0
2.0,0,0,5484,2,16.0,14.0
1.0,0,0,2061,1,16.0,15.0
9.0,0,0,9924,2,31.0,22.0
3.0,0,0,4198,2,23.0,20.0
1.0,0,0,6815,2,21.0,20.0
10.0,0,1,4723,1,6.0,0.0
5.0,0,1,6142,2,11.0,6.0
7.0,0,0,8237,3,32.0,25.0
6.0,0,0,8853,2,23.0,17.0
1.0,0,1,19331,5,33.0,32.0
2.0,0,0,2073,1,10.0,8.0
3.0,0,1,5562,2,10.0,7.0
1.0,0,0,19613,5,40.0,39.0
10.0,0,0,3407,2,23.0,13.0
8.0,0,0,5063,2,23.0,15.0
5.0,0,0,4639,2,23.0,18.0
6.0,0,0,4876,1,19.0,13.0
1.0,0,0,2690,1,20.0,19.0
26.0,0,0,17567,4,33.0,7.0
1.0,1,1,2408,1,5.0,4.0
4.0,0,1,2814,1,4.0,0.0
30.0,0,1,11245,4,40.0,10.0
3.0,0,0,3312,1,18.0,15.0
22.0,0,1,19049,5,40.0,18.0
6.0,0,0,2141,1,13.0,7.0
10.0,0,1,5769,2,19.0,9.0
10.0,0,0,4385,2,24.0,14.0
5.0,0,0,5332,2,10.0,5.0
3.0,0,1,4663,2,7.0,4.0
9.0,0,0,4724,2,31.0,22.0
9.0,0,0,3211,1,22.0,13.0
7.0,0,0,5377,2,23.0,16.0
7.0,0,0,4066,1,10.0,3.0
16.0,0,0,5208,2,22.0,6.0
5.0,0,0,4877,2,18.0,13.0
2.0,0,0,3117,1,15.0,13.0
0.5,1,1,1569,1,5.0,4.5
5.0,0,0,19658,5,40.0,35.0
10.0,0,0,3069,2,23.0,13.0
18.0,0,0,10435,3,40.0,22.0
14.0,0,0,4148,2,23.0,9.0
4.0,0,0,5768,2,22.0,18.0
9.0,0,0,5042,2,23.0,14.0
10.0,0,0,5770,2,31.0,21.0
5.0,0,1,7756,3,21.0,16.0
13.0,1,0,10306,3,22.0,9.0
8.0,0,0,3936,1,21.0,13.0
4.0,0,1,7945,3,21.0,17.0
10.0,0,1,5743,2,19.0,9.0
2.0,0,0,15202,4,40.0,38.0
2.0,1,1,5440,2,10.0,8.0
6.0,0,1,3760,1,7.0,1.0
3.0,0,0,3517,1,8.0,5.0
4.0,0,0,2580,1,14.0,10.0
4.0,1,1,2166,1,5.0,1.0
5.0,0,0,5869,2,10.0,5.0
3.0,0,0,8008,3,22.0,19.0
7.0,0,0,5206,2,20.0,13.0
5.0,0,0,5295,2,22.0,17.0
4.0,0,0,16413,4,40.0,36.0
14.0,0,0,13269,3,31.0,17.0
2.0,0,0,2783,1,10.0,8.0
11.0,0,0,5433,2,23.0,12.0
4.0,0,0,2013,1,18.0,14.0
15.0,0,1,13966,4,32.0,17.0
3.0,0,0,4374,2,23.0,20.0
5.0,0,0,6842,2,17.0,12.0
10.0,0,0,17426,4,40.0,30.0
14.0,0,0,17603,4,40.0,26.0
11.0,1,1,4581,2,21.0,10.0
13.0,0,0,4735,2,22.0,9.0
10.0,0,1,4187,2,8.0,0.0
6.0,0,0,5505,2,23.0,17.0
9.0,0,0,5470,2,22.0,13.0
10.0,0,0,5476,2,23.0,13.0
2.0,0,1,2587,1,9.0,7.0
4.0,0,0,2440,1,21.0,17.0
3.0,0,0,15972,4,32.0,29.0
8.0,0,0,15379,4,40.0,32.0
2.0,0,1,7082,3,21.0,19.0
2.0,0,0,2728,1,8.0,6.0
6.0,0,1,5368,2,18.0,12.0
3.0,0,0,5347,2,19.0,16.0
2.0,0,1,3195,1,14.0,12.0
5.0,1,1,3989,1,5.0,0.0
0.5,0,0,3306,1,10.0,9.5
4.0,0,0,7005,3,33.0,29.0
9.0,1,1,2655,1,21.0,12.0
1.0,1,0,1393,1,16.0,15.0
7.0,0,0,2570,1,20.0,13.0
4.0,0,0,3537,1,22.0,18.0
15.0,0,0,3986,2,24.0,9.0
1.0,0,0,10883,3,40.0,39.0
14.0,0,0,2028,1,19.0,5.0
6.0,0,0,9525,2,24.0,18.0
10.0,0,0,2929,1,23.0,13.0
3.0,1,1,2275,1,6.0,3.0
8.0,0,1,7879,3,31.0,23.0
5.0,0,1,4930,1,17.0,12.0
10.0,0,1,7847,2,24.0,14.0
5.0,0,0,4401,1,13.0,8.0
10.0,0,0,9241,3,33.0,23.0
5.0,0,0,2974,1,7.0,2.0
13.0,0,0,4502,2,23.0,10.0
23.0,0,0,10748,3,40.0,17.0
1.0,1,0,1555,1,10.0,9.0
23.0,1,0,12936,4,40.0,17.0
3.0,0,0,2305,1,17.0,14.0
21.0,0,0,16704,4,40.0,19.0
5.0,0,0,3433,1,10.0,5.0
5.0,0,0,3477,1,20.0,15.0
3.0,0,0,6430,2,21.0,18.0
1.0,0,1,6516,2,13.0,12.0
6.0,0,0,3907,1,10.0,4.0
10.0,0,0,5562,2,22.0,12.0
7.0,0,0,6883,2,22.0,15.0
10.0,0,0,2862,1,18.0,8.0
1.0,0,0,4978,2,20.0,19.0
10.0,0,1,10368,3,22.0,12.0
2.0,1,1,6134,2,9.0,7.0
0.5,1,0,6735,2,17.0,16.5
3.0,0,0,3295,1,9.0,6.0
5.0,0,0,5238,2,22.0,17.0
9.0,0,1,6472,2,22.0,13.0
4.0,0,0,9610,3,22.0,18.0
21.0,0,0,19833,5,40.0,19.0
5.0,0,0,9756,3,31.0,26.0
9.0,0,0,4968,1,16.0,7.0
2.0,0,0,2145,1,19.0,17.0
4.0,1,0,2180,1,10.0,6.0
5.0,0,0,8346,2,22.0,17.0
6.0,0,0,3445,1,17.0,11.0
2.0,1,0,2760,1,16.0,14.0
3.0,0,1,6294,2,6.0,3.0
7.0,0,0,7140,3,22.0,15.0
5.0,0,1,2932,1,11.0,6.0
11.0,0,0,5147,2,10.0,0.0
5.0,0,0,4507,2,31.0,26.0
0.5,1,1,8564,3,14.0,13.5
6.0,0,0,2468,1,13.0,7.0
1.0,1,0,8161,3,23.0,22.0
1.0,0,0,2109,1,10.0,9.0
7.0,0,0,5294,2,21.0,14.0
7.0,0,0,2718,1,14.0,7.0
1.0,0,1,5811,2,18.0,17.0
1.0,1,1,2437,1,5.0,4.0
5.0,0,0,2766,1,10.0,5.0
1.0,0,0,19038,5,40.0,39.0
9.0,0,0,3055,2,15.0,6.0
5.0,0,0,2289,1,20.0,15.0
15.0,0,1,4001,2,14.0,0.0
3.0,0,1,12965,4,31.0,28.0
9.0,0,0,3539,1,23.0,14.0
2.0,0,0,6029,2,22.0,20.0
1.0,1,0,2679,1,10.0,9.0
5.0,0,0,3702,1,21.0,16.0
1.0,1,1,2398,1,3.0,2.0
12.0,0,0,5468,2,24.0,12.0
2.0,0,0,13116,3,40.0,38.0
5.0,0,0,4189,2,22.0,17.0
2.0,0,1,19328,5,32.0,30.0
12.0,0,1,8321,3,14.0,2.0
5.0,1,1,2342,1,10.0,5.0
10.0,0,0,4071,2,22.0,12.0
10.0,1,1,5813,2,22.0,12.0
10.0,0,0,3143,1,11.0,1.0
5.0,0,0,2044,1,20.0,15.0
4.0,0,0,13464,3,24.0,20.0
2.0,0,0,7991,2,22.0,20.0
4.0,0,0,3377,1,11.0,7.0
0.5,0,0,5538,2,20.0,19.5
7.0,0,0,5762,2,23.0,16.0
11.0,0,0,2592,1,17.0,6.0
7.0,1,0,5346,2,16.0,9.0
10.0,1,0,4213,2,20.0,10.0
2.0,0,0,4127,2,24.0,22.0
3.0,0,0,2438,1,20.0,17.0
3.0,0,0,6870,2,22.0,19.0
22.0,0,1,10447,3,32.0,10.0
7.0,0,0,9667,3,20.0,13.0
5.0,1,1,2148,1,6.0,1.0
9.0,1,0,8926,2,31.0,22.0
5.0,0,0,6513,2,23.0,18.0
10.0,0,0,6799,2,24.0,14.0
16.0,0,0,16291,4,40.0,24.0
5.0,0,0,2705,1,22.0,17.0
22.0,0,1,10333,3,23.0,1.0
7.0,0,0,4448,2,23.0,16.0
7.0,0,0,6854,2,31.0,24.0
3.0,0,0,9637,3,23.0,20.0
3.0,0,0,3591,1,11.0,8.0
4.0,0,1,5405,2,17.0,13.0
5.0,0,0,4684,2,22.0,17.0
2.0,0,1,15787,4,40.0,38.0
0.5,0,0,1514,1,7.0,6.5
1.0,1,0,2956,1,15.0,14.0
2.0,1,1,2335,1,3.0,1.0
8.0,0,0,5154,2,31.0,23.0
1.0,0,1,6962,2,10.0,9.0
7.0,0,0,5675,2,32.0,25.0
5.0,0,1,2379,1,7.0,2.0
11.0,0,0,3812,1,21.0,10.0
0.5,0,0,4648,2,19.0,18.5
6.0,0,0,2936,1,21.0,15.0
2.0,0,0,2105,1,22.0,20.0
9.0,0,0,8578,3,32.0,23.0
3.0,0,0,2706,1,20.0,17.0
7.0,0,0,6384,2,13.0,6.0
0.5,0,0,3968,1,21.0,20.5
2.0,1,1,9907,2,7.0,5.0
19.0,0,0,13225,4,33.0,14.0
9.0,0,0,3540,2,22.0,13.0
1.0,0,0,2804,1,14.0,13.0
16.0,0,0,19392,5,40.0,24.0
22.0,0,0,19665,5,40.0,18.0
1.0,1,1,2439,1,8.0,7.0
8.0,1,0,7314,3,24.0,16.0
7.0,0,0,4774,1,18.0,11.0
2.0,0,0,3902,2,21.0,19.0
5.0,0,0,2662,1,22.0,17.0
1.0,0,0,2856,1,13.0,12.0
1.0,1,0,1081,1,17.0,16.0
1.0,1,1,2472,1,4.0,3.0
10.0,0,1,5673,2,18.0,8.0
10.0,0,0,4197,2,22.0,12.0
5.0,0,1,9713,3,22.0,17.0
3.0,0,0,2062,1,10.0,7.0
5.0,0,1,4284,2,8.0,3.0
3.0,0,1,4788,2,15.0,12.0
9.0,0,0,5906,2,31.0,22.0
10.0,0,0,3886,2,23.0,13.0
19.0,0,0,16823,4,40.0,21.0
1.0,0,1,2933,1,5.0,4.0
8.0,0,0,6500,2,21.0,13.0
22.0,0,0,17174,4,40.0,18.0
2.0,0,0,5033,2,23.0,21.0
5.0,1,1,2307,1,8.0,3.0
4.0,1,0,2587,1,31.0,27.0
4.0,0,0,5507,2,21.0,17.0
5.0,0,0,4393,2,21.0,16.0
13.0,0,0,13348,3,24.0,11.0
5.0,0,1,6583,2,15.0,10.0
4.0,0,1,8103,2,13.0,9.0
2.0,0,0,3978,1,8.0,6.0
7.0,0,0,2544,1,22.0,15.0
4.0,0,0,5399,2,23.0,19.0
10.0,0,0,5487,2,22.0,12.0
7.0,0,1,6834,2,14.0,7.0
1.0,1,0,1091,1,10.0,9.0
3.0,0,0,5736,2,21.0,18.0
5.0,0,0,2226,1,10.0,5.0
15.0,0,1,5747,2,21.0,6.0
2.0,1,1,9854,2,10.0,8.0
8.0,0,0,5467,2,22.0,14.0
0.5,0,0,5380,2,24.0,23.5
10.0,0,0,5151,2,24.0,14.0
20.0,0,1,2133,2,14.0,0.0
1.0,0,1,17875,4,33.0,32.0
4.0,1,1,2432,1,6.0,2.0
5.0,0,0,4771,1,22.0,17.0
5.0,0,0,19161,5,40.0,35.0
0.5,0,1,5087,2,19.0,18.5
1.0,1,0,2863,1,11.0,10.0
5.0,0,0,5561,2,21.0,16.0
5.0,0,0,2144,1,14.0,9.0
4.0,0,1,3065,1,8.0,4.0
5.0,0,0,2810,1,19.0,14.0
14.0,0,0,9888,3,31.0,17.0
8.0,0,0,8628,3,24.0,16.0
7.0,0,0,2867,1,16.0,9.0
5.0,0,0,5373,2,19.0,14.0
5.0,0,0,6667,2,21.0,16.0
10.0,0,0,5003,2,23.0,13.0
4.0,1,0,2367,1,10.0,6.0
1.0,0,0,2858,1,10.0,9.0
10.0,0,1,5204,2,18.0,8.0
7.0,0,0,4105,2,21.0,14.0
1.0,0,0,9679,2,19.0,18.0
10.0,1,1,5617,2,15.0,5.0
2.0,1,1,10448,3,22.0,20.0
4.0,0,0,2897,2,31.0,27.0
9.0,0,0,5968,2,23.0,14.0
10.0,0,0,7510,3,32.0,22.0
6.0,0,1,2991,1,10.0,4.0
10.0,0,1,19636,5,40.0,30.0
1.0,0,1,1129,1,9.0,8.0
20.0,0,0,13341,4,40.0,20.0
20.0,0,0,4332,2,31.0,11.0
11.0,0,0,11031,3,31.0,20.0
5.0,0,1,4440,2,17.0,12.0
4.0,0,0,4617,2,19.0,15.0
5.0,0,0,2647,1,18.0,13.0
10.0,0,0,6323,2,32.0,22.0
11.0,0,0,5677,2,23.0,12.0
2.0,0,0,2187,1,9.0,7.0
12.0,0,0,3748,1,14.0,2.0
2.0,0,1,3977,1,2.0,0.0
17.0,0,0,8633,3,40.0,23.0
1.0,0,0,2008,1,17.0,16.0
15.0,0,0,4440,2,24.0,9.0
2.0,0,0,3067,1,20.0,18.0
8.0,0,0,5321,2,31.0,23.0
4.0,0,1,5410,2,9.0,5.0
5.0,0,0,2782,1,22.0,17.0
13.0,0,0,11957,3,33.0,20.0
2.0,0,1,2660,1,5.0,3.0
3.0,0,0,3375,1,17.0,14.0
10.0,0,0,5098,2,23.0,13.0
9.0,0,1,4878,2,22.0,13.0
6.0,0,0,2837,1,20.0,14.0
1.0,0,0,2406,1,11.0,10.0
2.0,0,0,2269,1,19.0,17.0
7.0,0,0,4108,2,21.0,14.0
18.0,0,0,13206,3,31.0,13.0
14.0,0,0,10422,3,32.0,18.0
16.0,0,1,13744,3,31.0,15.0
5.0,0,1,4907,2,9.0,4.0
9.0,0,0,3482,1,23.0,14.0
4.0,0,1,2436,1,10.0,6.0
2.0,0,1,2380,1,3.0,1.0
6.0,0,0,19431,5,40.0,34.0
1.0,1,0,1790,1,8.0,7.0
9.0,0,0,7644,3,32.0,23.0
4.0,0,0,5131,2,17.0,13.0
13.0,0,0,6306,2,32.0,19.0
2.0,1,1,4787,1,4.0,2.0
22.0,0,0,18880,5,40.0,18.0
10.0,1,0,2339,1,22.0,12.0
20.0,0,0,13570,4,33.0,13.0
8.0,0,0,6712,2,23.0,15.0
15.0,0,0,5406,2,31.0,16.0
5.0,0,0,8938,2,23.0,18.0
4.0,0,0,2439,1,14.0,10.0
9.0,0,1,8837,3,22.0,13.0
10.0,0,0,5343,2,24.0,14.0
6.0,1,0,6728,2,23.0,17.0
6.0,0,0,6652,2,22.0,16.0
5.0,0,0,4850,2,21.0,16.0
2.0,0,0,2809,1,22.0,20.0
10.0,0,1,5689,2,18.0,8.0
5.0,0,0,2001,1,21.0,16.0
4.0,0,0,2977,1,21.0,17.0
4.0,0,1,4025,2,7.0,3.0
5.0,0,0,3785,1,9.0,4.0
3.0,1,1,10854,3,23.0,20.0
20.0,0,0,12031,4,40.0,20.0
9.0,0,0,9936,2,22.0,13.0
4.0,0,0,2966,1,16.0,12.0
5.0,0,0,2571,2,22.0,17.0
7.0,0,0,9991,3,23.0,16.0
6.0,0,1,6142,2,10.0,4.0
9.0,0,0,5390,2,24.0,15.0
4.0,0,0,4404,2,23.0,19.0
